id;name;surname;email;phone;address
1;Cambridgeshire;Practical Awesome engineer;Braulio.Wolf@yahoo.com;"7072798522";National
2;Developer;generate unleash;Stanley_Wiegand21@gmail.com;"2606868012";system alliance Security
3;Investment Account Fresh;digital;Raheem_McClure10@yahoo.com;"+62486379574";disintermediate payment Russian Ruble
4;Ball;compressing extranet RSS;Cathy_Kuhn@yahoo.com;"0466983755";Persevering Alabama
5;Cotton;cutting-edge Licensed scale;Margot.Marks@hotmail.com;"3768375980";Executive array Computer
6;Well overriding;Burgs 3rd generation;Josephine_Pfannerstill65@hotmail.com;"3429189660";Money Market Account index
7;Nepal;metrics dot-com;Arno_Muller@hotmail.com;"8430697386";orange exploit FTP
8;Cuban Peso Peso Convertible;infomediaries;Zane.Batz@hotmail.com;"+184381072197";invoice
9;auxiliary;Orchestrator Tasty;Melvina.Lindgren@gmail.com;"1290975098";SDD
10;digital;port Credit Card Account Fresh;Lavinia9@hotmail.com;"+867-1120299946";Programmable
